-- Adminer 4.8.1 MySQL 8.0.22 dump

SET NAMES utf8;
SET time_zone = '+00:00';
SET foreign_key_checks = 0;
SET sql_mode = 'NO_AUTO_VALUE_ON_ZERO';

SET NAMES utf8mb4;

DROP TABLE IF EXISTS `clients`;
CREATE TABLE `clients` (
  `id` int NOT NULL AUTO_INCREMENT,
  `name` varchar(255) COLLATE utf8mb4_unicode_ci NOT NULL,
  `address` varchar(255) COLLATE utf8mb4_unicode_ci NOT NULL,
  `country` varchar(255) COLLATE utf8mb4_unicode_ci NOT NULL,
  PRIMARY KEY (`id`)
) ENGINE=InnoDB DEFAULT CHARSET=utf8mb4 COLLATE=utf8mb4_unicode_ci;

INSERT INTO `clients` (`id`, `name`, `address`, `country`) VALUES
(5,	'Client test',	'185 route des marguerites',	'Andorra'),
(6,	'It Smart Group',	'Boeing, Caslon   Vale 1134, Fort Lauderdale, VEN 3437',	'Poland'),
(7,	'AECOM',	'21st Century Fox, Collingwood  Hill 3584, Otawa, MEX 6372',	'Mexico'),
(8,	'ExxonMobil',	'Metro Cash&Carry, Railroad Road 6163, Milano, RUS 4045',	'Guatemala'),
(9,	'Areon Impex',	'ExxonMobil, Clavell   Grove 5675, Fullerton, ANT 7531',	'Liberia'),
(10,	'Boeing',	'AECOM, Ely  Avenue 7220, Bakersfield, TLS 2503',	'Equatorial Guinea'),
(11,	'Comodo',	'Comodo, Bempton   Drive 8874, Innsbruck, PSE 8535',	'Israel'),
(12,	'UPC',	'AECOM, Yorkshire  Route 815, Atlanta, TKL 3261',	'Saudi Arabia'),
(13,	'Mars',	'Comodo, Chancellor  Drive 5873, San Francisco, JPN 7343',	'Tunisia'),
(14,	'It Smart Group',	'DynCorp, Kimberley  Route 7975, Bellevue, VCT 3818',	'Albania'),
(15,	'Areon Impex',	'Leadertech Consulting, Meadow Alley 9730, Bucharest, MMR 2761',	'Namibia'),
(16,	'Metro Cash&Carry',	'Biolife Grup, Anns  Tunnel 8413, Oakland, NLD 8052',	'Mauritius'),
(17,	'Biolife Grup',	'ExxonMobil, Dyott   Vale 9311, Colorado Springs, SJM 4050',	'Fiji'),
(18,	'It Smart Group',	'AECOM, Falconberg   Grove 1086, Salt Lake City, CCK 3508',	'Antigua and Barbuda'),
(19,	'ExxonMobil',	'Leadertech Consulting, Hickory   Tunnel 220, Lisbon, VAT 2284',	'Saint Kitts and Nevis'),
(20,	'Metro Cash&Carry',	'Global Print, Chalcot  Alley 6126, Irving, PHL 7530',	'Suriname'),
(21,	'DynCorp',	'Mars, Tisbury  Drive 9801, Glendale, UZB 4733',	'Liberia'),
(22,	'Vodafone',	'Boeing, Bellenden   Road 5260, Houston, ARM 1068',	'Namibia'),
(23,	'Zepter',	'Biolife Grup, Fairbairn  Lane 3052, Denver, VGB 3423',	'Congo'),
(24,	'Team Guard SRL',	'Danone, Blackwall  Avenue 2853, Huntsville, TTO 0887',	'Greece'),
(25,	'It Smart Group',	'Zepter, Apostle  Crossroad 6290, New York, PLW 1602',	'Armenia'),
(26,	'Coca-Cola Company',	'Mars, Fieldstone Rue 8338, Charlotte, MNP 8327',	'Myanmar'),
(27,	'ENEL',	'21st Century Fox, Chester      Vale 3061, Hollywood, MDA 6607',	'Israel'),
(28,	'BuzzFeed',	'Mars, Camera  Hill 9794, St. Louis, GRD 1784',	'The Bahamas'),
(29,	'Zepter',	'Facebook, Sheffield Road 616, Berlin, LTU 7773',	'Liberia'),
(30,	'CarMax',	'It Smart Group, Waldram Park  Walk 1398, San Diego, MHL 8857',	'Saudi Arabia'),
(31,	'Danone',	'Comcast, Lake Alley 7364, Los Angeles, FRA 4733',	'Costa Rica'),
(32,	'DynCorp',	'BuzzFeed, Virginia Crossroad 7186, Berlin, BRB 0334',	'Uganda'),
(33,	'UPC',	'Mars, Chambers  Tunnel 3091, Madison, FLK 0708',	'Gabon'),
(34,	'Areon Impex',	'Vodafone, Carpenter Vale 2531, Philadelphia, MLT 5618',	'Mauritius'),
(35,	'BuzzFeed',	'ExxonMobil, Boldero   Road 9397, Baltimore, BRB 6715',	'Kuwait'),
(36,	'Mars',	'Erickson, Hamilton  Boulevard 7617, Seattle, BEL 6888',	'Comoros'),
(37,	'ExxonMobil',	'Demaco, Camden  Avenue 8287, Berlin, CHL 2763',	'Netherlands'),
(38,	'Vodafone',	'Leadertech Consulting, Angel  Alley 3802, Rochester, MWI 7513',	'Indonesia'),
(39,	'Telekom',	'21st Century Fox, Blandford  Boulevard 4673, Jersey City, NZL 8762',	'Burundi'),
(40,	'Coca-Cola Company',	'Vodafone, Durweston   Lane 298, Seattle, MSR 0861',	'Azerbaijan'),
(41,	'21st Century Fox',	'Facebook, Camdale  Walk 1638, Salt Lake City, LBR 5177',	'Israel'),
(42,	'Comodo',	'Mars, Camera  Hill 4558, Orlando, LBN 4260',	'Andorra'),
(43,	'Erickson',	'BuzzFeed, Camden  Street 9504, London, CXR 8160',	'Nepal'),
(44,	'Amazon.com',	'UPC, Fawn Walk 8449, Sacramento, GUF 1328',	'Congo'),
(45,	'Demaco',	'Facebook, Bellenden  Avenue 436, Phoenix, ROU 4514',	'Honduras'),
(46,	'Apple Inc.',	'Facebook, Shepherds  Walk 8608, Lakewood, NFK 3505',	'Malta'),
(47,	'Zepter',	'Boeing, Dunton  Way 5918, Philadelphia, QAT 0045',	'Iraq'),
(48,	'DynCorp',	'UPC, Cliff  Grove 7663, Saint Paul, GRL 6044',	'Saint Vincent and the Grenadines'),
(49,	'CarMax',	'Apple Inc., Cato   Avenue 8609, Rome, PNG 5056',	'Canada'),
(50,	'Carrefour',	'Global Print, Ensign   Pass 3400, Madison, CAN 7038',	'Mongolia'),
(51,	'Areon Impex',	'CarMax, Elba  Alley 8188, Lakewood, CRI 2345',	'Guyana'),
(52,	'Leadertech Consulting',	'Apple Inc., Camley   Avenue 8833, Toledo, IMN 2663',	'Solomon Islands'),
(53,	'Facebook',	'Metro Cash&Carry, Rivervalley Avenue 2115, Columbus, VAT 5384',	'Ukraine'),
(54,	'Amazon.com',	'Leadertech Consulting, Fawn Vale 6054, New Orleans, KEN 5561',	'Bahrain'),
(55,	'Erickson',	'ExxonMobil, Timber   Drive 1343, Los Angeles, TUV 1503',	'Serbia'),
(56,	'UPC',	'ENEL, Dutton   Walk 3554, Lyon, MLI 5724',	'Ecuador'),
(57,	'Apple Inc.',	'Carrefour, Abourne   Street 9788, Moreno Valley, GIN 0131',	'Myanmar'),
(58,	'Telekom',	'It Smart Group, Hickory Lane Way 2999, San Francisco, FRO 7136',	'Guinea-Bissau'),
(59,	'AECOM',	'Areon Impex, Cam  Way 7988, Dallas, GGY 0255',	'The Gambia'),
(60,	'Carrefour',	'UPC, Westcott  Crossroad 2507, Madrid, SUR 0251',	'Morocco'),
(61,	'AECOM',	'Vodafone, Geffrye   Grove 199, Cincinnati, TCA 8346',	'El Salvador'),
(62,	'UPC',	'21st Century Fox, Birkbeck  Hill 1884, Bellevue, ARG 0435',	'Kenya'),
(63,	'It Smart Group',	'Comcast, Blomfield  Pass 1616, Fremont, SLB 8700',	'Bangladesh'),
(64,	'Apple Inc.',	'ExxonMobil, Blanchard  Avenue 4150, Dallas, CZE 5713',	'Norway'),
(65,	'Team Guard SRL',	'Biolife Grup, Blandford  Alley 4188, Henderson, MYS 0642',	'Jordan'),
(66,	'It Smart Group',	'ENEL, Chancellor  Pass 5597, Jacksonville, BEN 3151',	'Croatia'),
(67,	'It Smart Group',	'Facebook, Carolina  Crossroad 7695, Fullerton, BOL 8055',	'Iran'),
(68,	'Mars',	'Boeing, Andsell    Rue 3350, Hollywood, MDA 8433',	'Somalia'),
(69,	'DynCorp',	'Amazon.com, Oxford Road 9678, Venice, IOT 4348',	'Japan'),
(70,	'AECOM',	'Boeing, King Edward  Pass 4306, Washington, PNG 5720',	'Zambia'),
(71,	'Global Print',	'Leadertech Consulting, Railroad Vale 7504, Escondido, MDA 6250',	'Ethiopia'),
(72,	'Amazon.com',	'CarMax, Abbey   Alley 6916, Tokyo, VEN 2861',	'Spain'),
(73,	'Telekom',	'Team Guard SRL, Beechen  Street 7868, Moreno Valley, SJM 4826',	'Trinidad and Tobago'),
(74,	'Boeing',	'Facebook, Bethwin  Vale 5813, Boston, GRC 7747',	'Marshall Islands'),
(75,	'Erickson',	'Leadertech Consulting, Ensign   Walk 1990, Cincinnati, SHN 4354',	'Israel'),
(76,	'DynCorp',	'Zepter, Blackpool  Hill 5230, Oklahoma City, LVA 5251',	'Sao Tome and Principe'),
(77,	'21st Century Fox',	'Areon Impex, Marina  Rue 3227, Garland, REU 1307',	'Guyana'),
(78,	'Boeing',	'Erickson, King Edward  Vale 5240, Boston, BWA 2113',	'Cambodia'),
(79,	'21st Century Fox',	'Boeing, Virgil   Boulevard 4926, Kansas City, SSD 6284',	'Montenegro'),
(80,	'Coca-Cola Company',	'Danone, Bede  Alley 9339, Washington, SUR 6766',	'Oman'),
(81,	'Team Guard SRL',	'DynCorp, Clarges   Road 5582, Hollywood, SHN 0573',	'Papua New Guinea'),
(82,	'Areon Impex',	'Comcast, Marina  Street 8364, Salt Lake City, MDV 8601',	'Myanmar'),
(83,	'CarMax',	'Amazon.com, Tilloch   Crossroad 188, Worcester, NER 4011',	'Sudan, South'),
(84,	'Danone',	'Team Guard SRL, Addison  Boulevard 1155, Atlanta, LKA 1561',	'The Bahamas'),
(85,	'Biolife Grup',	'Coca-Cola Company, Cliff  Pass 7923, Hayward, SWZ 0650',	'Laos'),
(86,	'Facebook',	'Areon Impex, Adams  Road 7962, Honolulu, COD 7200',	'France'),
(87,	'Amazon.com',	'Demaco, Chandos  Tunnel 4185, Huntsville, PHL 2662',	'Norway'),
(88,	'Telekom',	'Global Print, Balfour    Tunnel 6705, Quebec, BOL 4145',	'Guinea'),
(89,	'UPC',	'Biolife Grup, Jackson Pass 3672, Long Beach, NZL 5827',	'Oman'),
(90,	'Coca-Cola Company',	'Vodafone, Chesterfield  Pass 8828, Colorado Springs, OMN 8603',	'Eritrea'),
(91,	'It Smart Group',	'Carrefour, Camley   Tunnel 9868, Worcester, UMI 3857',	'Samoa'),
(92,	'AECOM',	'Coca-Cola Company, Blackall   Grove 4743, Fremont, TGO 3442',	'Vanuatu'),
(93,	'Erickson',	'Global Print, Caroline  Route 6721, Reno, FSM 4285',	'Iraq'),
(94,	'Team Guard SRL',	'Coca-Cola Company, Under  Route 7435, Chicago, DMA 3381',	'United Arab Emirates'),
(95,	'BuzzFeed',	'ENEL, Abbotswell  Road 9618, Quebec, BHR 5768',	'Barbados'),
(96,	'CarMax',	'Team Guard SRL, Castlereagh   Street 1308, Long Beach, RUS 5352',	'Vanuatu'),
(97,	'Coca-Cola Company',	'Facebook, Cockspur  Drive 2517, El Paso, KWT 3064',	'Morocco'),
(98,	'21st Century Fox',	'ENEL, Bolton  Tunnel 8277, Milwaukee, MYT 4083',	'Israel'),
(99,	'ExxonMobil',	'Carrefour, Bales  Alley 3621, Columbus, BRA 2180',	'Argentina'),
(100,	'Comcast',	'Danone, Collins  Lane 6389, New Orleans, ZMB 2648',	'Equatorial Guinea'),
(101,	'Boeing',	'Global Print, Angrave    Boulevard 1255, Prague, POL 0201',	'Andorra'),
(102,	'Biolife Grup',	'Areon Impex, Blore  Grove 2053, Bellevue, SDN 2317',	'Mexico'),
(103,	'Facebook',	'Leadertech Consulting, Mariner   Avenue 2806, Fort Lauderdale, THA 2152',	'Malawi'),
(104,	'DynCorp',	'Team Guard SRL, Garfield Grove 5870, Las Vegas, NRU 2812',	'Portugal'),
(105,	'UPC',	'Team Guard SRL, Ellerslie Hill 4528, Reno, SLE 5305',	'Israel'),
(106,	'BuzzFeed',	'BuzzFeed, Camera  Vale 1954, Detroit, VNM 0685',	'Fiji'),
(107,	'CarMax',	'Leadertech Consulting, Emden   Grove 2160, New Orleans, SHN 4210',	'Egypt'),
(108,	'Carrefour',	'Erickson, Blandford  Route 2522, Anaheim, MHL 6455',	'Equatorial Guinea'),
(109,	'Team Guard SRL',	'Boeing, Bell    Alley 1030, Innsbruck, YEM 4404',	'Paraguay'),
(110,	'Comodo',	'Amazon.com, Jackson Lane 2595, Stockton, SLE 6760',	'United Arab Emirates'),
(111,	'CarMax',	'Telekom, Cecilia  Alley 3652, New York, ISR 3882',	'Armenia'),
(112,	'Metro Cash&Carry',	'Zepter, Blackheath   Road 1830, Tulsa, SAU 0683',	'Yemen'),
(113,	'Vodafone',	'Zepter, Andsell    Grove 2816, El Paso, BLZ 4620',	'Haiti'),
(114,	'Metro Cash&Carry',	'Amazon.com, Bell    Way 5241, Richmond, WLF 0504',	'Iran'),
(115,	'Facebook',	'Global Print, English   Boulevard 1442, Milwaukee, SJM 0247',	'Laos'),
(116,	'Metro Cash&Carry',	'Carrefour, Chestnut  Alley 1243, Jacksonville, PSE 1585',	'Mauritius'),
(117,	'Metro Cash&Carry',	'Amazon.com, Birkenhead   Way 218, Arlington, BFA 1286',	'Kuwait'),
(118,	'Apple Inc.',	'AECOM, Bletchley   Pass 1275, Toledo, SJM 8041',	'Haiti'),
(119,	'Comodo',	'Boeing, Timber   Lane 4210, Washington, MDA 6628',	'Oman'),
(120,	'AECOM',	'AECOM, Bond Road 7629, Phoenix, PAK 4316',	'Luxembourg'),
(121,	'ENEL',	'BuzzFeed, Howard Hill 8676, Anaheim, SSD 8605',	'Botswana'),
(122,	'Erickson',	'DynCorp, Commercial  Lane 678, Lyon, PRT 0501',	'Panama'),
(123,	'Carrefour',	'Carrefour, Westcott  Route 908, Houston, PRK 8133',	'Iran'),
(124,	'Global Print',	'Apple Inc., Chart   Alley 612, Las Vegas, MAC 3876',	'Qatar'),
(125,	'Amazon.com',	'UPC, Chalcot  Boulevard 8520, Anaheim, KIR 3634',	'Nepal'),
(126,	'Metro Cash&Carry',	'DynCorp, Chart   Lane 172, Irving, SDN 8325',	'Mexico'),
(127,	'Team Guard SRL',	'Team Guard SRL, Cedarne  Rue 5889, Colorado Springs, TCD 2224',	'Costa Rica'),
(128,	'Comcast',	'Zepter, Blore  Avenue 4132, Ontario, BLZ 7806',	'Guyana'),
(129,	'Danone',	'Demaco, Jackson Tunnel 8161, Baltimore, JPN 6751',	'France'),
(130,	'Demaco',	'Global Print, Ashley Lane 7367, Paris, PRI 1315',	'Romania');

DROP TABLE IF EXISTS `companies`;
CREATE TABLE `companies` (
  `id` int NOT NULL AUTO_INCREMENT,
  `name` varchar(255) COLLATE utf8mb4_unicode_ci NOT NULL,
  `balance` double NOT NULL,
  `country` varchar(255) COLLATE utf8mb4_unicode_ci NOT NULL,
  PRIMARY KEY (`id`)
) ENGINE=InnoDB DEFAULT CHARSET=utf8mb4 COLLATE=utf8mb4_unicode_ci;

INSERT INTO `companies` (`id`, `name`, `balance`, `country`) VALUES
(33,	'Team Guard SRL',	52104.38,	'Dominican Republic'),
(35,	'Carrefour',	69219.1,	'Trinidad and Tobago'),
(36,	'DynCorp',	145854.63,	'Liberia'),
(37,	'Zepter',	108453.1,	'Greece'),
(38,	'Comcast',	130144.48,	'Italy'),
(39,	'Vodafone',	25213.62,	'Belize'),
(40,	'ExxonMobil',	142749.19,	'Bulgaria'),
(41,	'Demaco',	142763.08,	'Guatemala'),
(42,	'CarMax',	97469.08,	'Somalia'),
(43,	'Erickson',	139444.85,	'Uzbekistan'),
(44,	'Global Print',	146542.66,	'Sudan, South'),
(45,	'AECOM',	38276.16,	'Cambodia'),
(46,	'Mars',	4311.29,	'Romania'),
(47,	'Boeing',	24018.27,	'El Salvador'),
(48,	'Global Print',	1002.92,	'Micronesia'),
(49,	'Global Print',	24721.83,	'Ukraine'),
(50,	'BuzzFeed',	73738.39,	'Palau'),
(51,	'Telekom',	18846.43,	'Tonga'),
(52,	'Coca-Cola Company',	114084.94,	'Colombia'),
(54,	'ExxonMobil',	46894.19,	'Madagascar'),
(55,	'Telekom',	117151.28,	'Togo'),
(56,	'Comcast',	11165.7,	'Lesotho'),
(57,	'Coca-Cola Company',	110129.45,	'Iceland'),
(58,	'It Smart Group',	118637.8,	'Norway'),
(59,	'Boeing',	15213.24,	'Maldives'),
(60,	'Demaco',	125051.28,	'Bosnia and Herzegovina');

DROP TABLE IF EXISTS `employees`;
CREATE TABLE `employees` (
  `id` int NOT NULL AUTO_INCREMENT,
  `name` varchar(255) COLLATE utf8mb4_unicode_ci NOT NULL,
  `birthday` date NOT NULL,
  `country` varchar(255) COLLATE utf8mb4_unicode_ci NOT NULL,
  `id_company` int NOT NULL,
  `first_day` date NOT NULL,
  PRIMARY KEY (`id`),
  KEY `id_company` (`id_company`),
  CONSTRAINT `employees_ibfk_2` FOREIGN KEY (`id_company`) REFERENCES `companies` (`id`) ON DELETE RESTRICT ON UPDATE RESTRICT
) ENGINE=InnoDB DEFAULT CHARSET=utf8mb4 COLLATE=utf8mb4_unicode_ci;

INSERT INTO `employees` (`id`, `name`, `birthday`, `country`, `id_company`, `first_day`) VALUES
(9,	'John Doe',	'1999-01-01',	'Antarctica',	56,	'2022-01-01'),
(10,	'Mike Wright',	'1985-04-10',	'Myanmar',	33,	'2022-04-10'),
(11,	'Megan Raven',	'1999-03-09',	'Liechtenstein',	35,	'2016-09-20'),
(12,	'Bryon Ellis',	'1984-05-25',	'Belize',	36,	'2017-07-07'),
(13,	'Carter Ainsworth',	'1991-04-13',	'Micronesia',	37,	'2016-03-11'),
(14,	'Sebastian Thatcher',	'1975-04-16',	'Uruguay',	38,	'2021-06-07'),
(15,	'Anne Gallacher',	'1999-07-29',	'Botswana',	39,	'2018-11-15'),
(16,	'Caleb Knott',	'1973-04-10',	'Afghanistan',	40,	'2016-01-11'),
(17,	'Colleen Thompson',	'1985-07-31',	'New Zealand',	41,	'2015-08-04'),
(18,	'Felicity Bailey',	'1977-10-05',	'Cabo Verde',	42,	'2019-08-05'),
(19,	'Miley Ballard',	'1987-12-20',	'The Gambia',	43,	'2021-03-20'),
(20,	'Blake Foxley',	'1993-05-09',	'Estonia',	44,	'2022-05-09'),
(21,	'Nicholas Atkinson',	'1976-10-21',	'Liberia',	45,	'2020-09-08'),
(22,	'Camellia Oldfield',	'1995-12-30',	'Congo',	46,	'2015-08-07'),
(23,	'Rocco Yarwood',	'1988-07-26',	'Egypt',	47,	'2019-11-08'),
(24,	'Jolene Mccall',	'1992-01-25',	'Togo',	48,	'2016-01-22'),
(25,	'Norah Shaw',	'1976-02-16',	'Albania',	49,	'2016-04-21'),
(26,	'Sadie Reading',	'1972-08-05',	'Uruguay',	50,	'2017-06-13'),
(27,	'Rowan Cox',	'1979-10-27',	'Canada',	51,	'2020-03-31'),
(28,	'Hayden Ventura',	'1981-11-25',	'Italy',	52,	'2017-07-06'),
(29,	'Nate Edwards',	'1979-03-29',	'Bulgaria',	54,	'2018-01-04'),
(30,	'Jack Clarkson',	'1983-08-18',	'Liechtenstein',	55,	'2016-08-05'),
(31,	'Irene Murray',	'1973-09-17',	'Angola',	56,	'2021-04-25'),
(32,	'Gladys Rogers',	'1984-04-01',	'Guinea',	57,	'2020-04-24'),
(33,	'Ron Adams',	'1995-04-05',	'Togo',	58,	'2016-09-11'),
(34,	'Alexa Graves',	'1991-05-19',	'Rwanda',	59,	'2017-02-08'),
(35,	'Adeline Long',	'1983-03-28',	'Turkey',	60,	'2021-07-25'),
(36,	'Olivia Villiger',	'1990-09-23',	'Guinea-Bissau',	33,	'2017-12-11'),
(37,	'Julian Power',	'1976-07-12',	'Korea, North',	35,	'2019-04-06'),
(38,	'Owen Kennedy',	'1990-03-02',	'Cambodia',	36,	'2021-11-27'),
(39,	'Karla Sherry',	'1984-01-21',	'Egypt',	37,	'2015-01-04'),
(40,	'Harmony Lynn',	'1998-10-06',	'Solomon Islands',	38,	'2017-12-15'),
(41,	'Jacqueline Snow',	'1986-03-12',	'Costa Rica',	39,	'2015-05-20'),
(42,	'Tom Alcroft',	'1987-11-09',	'Ukraine',	40,	'2020-09-28'),
(43,	'Deborah Brennan',	'1979-01-31',	'Georgia',	41,	'2017-06-28'),
(44,	'Julius Rose',	'1982-11-05',	'Barbados',	42,	'2022-01-09'),
(45,	'Javier Swift',	'1983-03-18',	'Macedonia',	43,	'2016-07-21'),
(46,	'Josh Watt',	'1984-03-19',	'Liechtenstein',	44,	'2014-09-20'),
(47,	'Barry Russell',	'1972-11-21',	'Maldives',	45,	'2018-02-20'),
(48,	'Ron Mcnally',	'1994-01-15',	'El Salvador',	46,	'2019-06-10'),
(49,	'Mark Bright',	'1984-07-15',	'Canada',	47,	'2019-09-09'),
(50,	'Martin Bennett',	'1983-01-16',	'Norway',	48,	'2017-11-01'),
(51,	'Ada Purvis',	'1983-01-17',	'Ireland',	49,	'2019-08-18'),
(52,	'Courtney Warner',	'1971-03-06',	'Yemen',	50,	'2016-08-10'),
(53,	'Kenzie Plumb',	'1982-10-09',	'Uruguay',	51,	'2021-10-26'),
(54,	'Barry Cattell',	'1980-02-23',	'Guinea',	52,	'2020-02-17'),
(55,	'Abdul Patel',	'1987-07-21',	'Papua New Guinea',	54,	'2017-03-02'),
(56,	'Maggie Paterson',	'1971-05-07',	'India',	55,	'2021-11-25'),
(57,	'Thea Roth',	'1976-12-07',	'Senegal',	56,	'2021-05-08'),
(58,	'Gil Summers',	'1985-03-10',	'Benin',	57,	'2021-11-12'),
(59,	'Benjamin Wigley',	'1975-04-24',	'Saint Lucia',	58,	'2019-05-16'),
(60,	'Russel Saunders',	'1980-02-17',	'Georgia',	59,	'2017-02-10'),
(61,	'Carl Wilson',	'1996-03-21',	'Hungary',	60,	'2021-02-06'),
(62,	'David Stubbs',	'1975-10-24',	'Malawi',	56,	'2022-07-23'),
(63,	'Remy Knight',	'1974-01-01',	'Ethiopia',	50,	'2021-11-04'),
(64,	'William Yard',	'1998-08-29',	'Botswana',	40,	'2020-12-31'),
(65,	'Alessia Brooks',	'1978-10-15',	'Lesotho',	55,	'2020-09-16');

DROP TABLE IF EXISTS `products`;
CREATE TABLE `products` (
  `id` int NOT NULL AUTO_INCREMENT,
  `name` varchar(255) COLLATE utf8mb4_unicode_ci NOT NULL,
  `price` float NOT NULL,
  `tax` float NOT NULL,
  `stock` int NOT NULL,
  PRIMARY KEY (`id`)
) ENGINE=InnoDB DEFAULT CHARSET=utf8mb4 COLLATE=utf8mb4_unicode_ci;

INSERT INTO `products` (`id`, `name`, `price`, `tax`, `stock`) VALUES
(2,	'Run24',	3285.85,	18,	437),
(3,	'Arty',	1588.16,	20,	188),
(4,	'DeskGet',	1600.26,	14,	145),
(5,	'Redsky',	2616.02,	23,	231),
(6,	'Ingocal',	533.27,	21,	372),
(7,	'Ingocal',	4563.3,	16,	212),
(8,	'ROF',	2514.42,	14,	412),
(9,	'Yola',	990.05,	14,	465),
(10,	'Trafor',	946.27,	23,	320),
(11,	'Prayons',	1606.29,	15,	101),
(12,	'Fdeam',	2686.56,	22,	143),
(13,	'Nime',	4500.96,	23,	397),
(14,	'Koob',	2074.69,	19,	126),
(15,	'SolSol',	1736.09,	21,	399),
(16,	'Fdeam',	3383.35,	16,	299);

DROP TABLE IF EXISTS `providers`;
CREATE TABLE `providers` (
  `id` int NOT NULL AUTO_INCREMENT,
  `name` varchar(255) COLLATE utf8mb4_unicode_ci NOT NULL,
  `address` varchar(255) COLLATE utf8mb4_unicode_ci NOT NULL,
  `country` varchar(255) COLLATE utf8mb4_unicode_ci NOT NULL,
  PRIMARY KEY (`id`)
) ENGINE=InnoDB DEFAULT CHARSET=utf8mb4 COLLATE=utf8mb4_unicode_ci;

INSERT INTO `providers` (`id`, `name`, `address`, `country`) VALUES
(4,	'Fournisseur test',	'12 rue',	'Anguilla'),
(5,	'Areon Impex',	'UPC, Black Swan  Pass 8782, Albuquerque, TCD 8824',	'Myanmar'),
(6,	'Zepter',	'Global Print, Vintners  Grove 6962, Honolulu, LBY 2431',	'Kosovo'),
(7,	'Carrefour',	'Carrefour, Duthie   Boulevard 2585, San Antonio, MLT 1355',	'Afghanistan'),
(8,	'DynCorp',	'Mars, Glenwood Lane 5269, San Antonio, BEN 5620',	'Malaysia'),
(9,	'Global Print',	'ENEL, Railroad Boulevard 4264, Memphis, TJK 5215',	'Niger'),
(10,	'BuzzFeed',	'Apple Inc., Champion  Vale 6678, Madrid, SVN 1675',	'Qatar'),
(11,	'Team Guard SRL',	'Danone, Balfour    Pass 1251, Columbus, BLZ 7050',	'Côte d’Ivoire'),
(12,	'Zepter',	'21st Century Fox, Clissold  Alley 5788, Amarillo, AUT 5080',	'Guinea'),
(13,	'Carrefour',	'Danone, Thoresby   Route 2248, Huntsville, KWT 3711',	'Angola'),
(14,	'UPC',	'21st Century Fox, Gautrey  Rue 3426, San Bernardino, ZWE 2283',	'Croatia'),
(15,	'Telekom',	'Amazon.com, Dyott   Walk 5618, Hollywood, IOT 2055',	'Vietnam'),
(16,	'Facebook',	'UPC, Hickory   Alley 5458, Bridgeport, BWA 5135',	'Lesotho'),
(17,	'ENEL',	'Biolife Grup, Underwood  Street 1224, Houston, MDA 1646',	'Benin'),
(18,	'Apple Inc.',	'Global Print, Aspen Walk 2850, San Bernardino, ATG 8540',	'Cambodia'),
(19,	'Global Print',	'Zepter, Calverley  Way 8882, San Bernardino, DNK 2222',	'Syria'),
(20,	'Facebook',	'Telekom, Elystan  Boulevard 6858, Madison, LTU 1626',	'Congo'),
(21,	'DynCorp',	'Vodafone, Badric  Tunnel 1667, Oakland, STP 8538',	'Slovenia'),
(22,	'Coca-Cola Company',	'21st Century Fox, Chelsea Manor  Crossroad 2618, Chicago, TJK 0881',	'Cameroon'),
(23,	'Facebook',	'Areon Impex, Bazely   Vale 1410, El Paso, TKL 8847',	'Portugal'),
(24,	'Demaco',	'CarMax, Bolingbroke  Way 5343, Zurich, CYP 2662',	'Sudan'),
(25,	'Team Guard SRL',	'UPC, Wadham  Tunnel 3027, Fremont, LTU 8055',	'Oman'),
(26,	'UPC',	'Demaco, Edwin   Rue 2998, Las Vegas, KHM 4352',	'Argentina'),
(27,	'Metro Cash&Carry',	'Comcast, Parkgate  Way 5198, Lakewood, BGR 8678',	'Philippines'),
(28,	'Coca-Cola Company',	'BuzzFeed, Castlereagh   Route 1353, Charlotte, CYM 8371',	'Qatar'),
(29,	'AECOM',	'Facebook, Timber   Pass 3316, Cincinnati, NRU 5257',	'Moldova'),
(30,	'Comodo',	'Mars, East Street 6658, Fremont, COM 6516',	'New Zealand'),
(31,	'Global Print',	'Comodo, Ayres   Avenue 9976, Nashville, MLI 5250',	'Togo'),
(32,	'Amazon.com',	'21st Century Fox, Carolina  Drive 8087, Madrid, CPV 3062',	'Serbia'),
(33,	'AECOM',	'Metro Cash&Carry, Babmaes    Walk 3094, Miami, LTU 3843',	'Argentina'),
(34,	'Erickson',	'UPC, Castle Lane 7306, Escondido, UZB 4642',	'Sudan'),
(35,	'Coca-Cola Company',	'Demaco, Bigland  Tunnel 7523, Escondido, POL 4608',	'South Africa'),
(36,	'Coca-Cola Company',	'Carrefour, Virginia Walk 2817, Cincinnati, VIR 3735',	'Suriname'),
(37,	'DynCorp',	'AECOM, Erindale Pass 1004, Detroit, STP 8176',	'Zambia'),
(38,	'Demaco',	'Carrefour, Ampton  Rue 1126, Huntsville, NGA 2487',	'Dominica'),
(39,	'Comodo',	'Boeing, Sheffield Drive 6960, New York, GUM 6843',	'San Marino'),
(40,	'Biolife Grup',	'Facebook, Marischal  Lane 3060, Lyon, GUY 1341',	'Chile'),
(41,	'It Smart Group',	'It Smart Group, Ashley Crossroad 8124, San Francisco, PYF 7506',	'Guyana'),
(42,	'Facebook',	'ExxonMobil, Burton  Street 2242, Toledo, KAZ 0630',	'Haiti'),
(43,	'AECOM',	'Biolife Grup, Lake Avenue 4964, Reno, DOM 4587',	'Turkey'),
(44,	'Biolife Grup',	'ExxonMobil, Billing  Way 6964, Saint Paul, LUX 5812',	'Belize'),
(45,	'Mars',	'Global Print, Sherwood  Tunnel 7891, Bellevue, UMI 7073',	'Chile'),
(46,	'Comcast',	'Apple Inc., Camdale  Lane 7469, Boston, FLK 6865',	'Russia'),
(47,	'21st Century Fox',	'It Smart Group, Glenwood Alley 7517, Murfreesboro, SWZ 3336',	'Morocco'),
(48,	'Mars',	'Comodo, Glenwood Avenue 4588, Milwaukee, TUR 7351',	'Suriname'),
(49,	'21st Century Fox',	'Facebook, Bacton   Walk 5737, Tulsa, MLT 0640',	'Belgium'),
(50,	'DynCorp',	'ENEL, Dutton   Hill 3791, Quebec, VUT 8511',	'Equatorial Guinea'),
(51,	'AECOM',	'Danone, Bazely   Lane 2457, Santa Ana, MCO 5807',	'Seychelles'),
(52,	'Facebook',	'Facebook, Berry  Crossroad 8531, Los Angeles, UMI 2005',	'USA'),
(53,	'Coca-Cola Company',	'Areon Impex, Rivervalley Grove 8566, Memphis, HRV 1412',	'Tonga'),
(54,	'Erickson',	'Facebook, Ashley Lane 4612, Berna, MKD 7587',	'Bolivia'),
(55,	'Vodafone',	'CarMax, Egerton  Lane 5897, El Paso, TUV 3418',	'Romania'),
(56,	'Comcast',	'Biolife Grup, Buttonwood Rue 3257, Phoenix, RUS 5324',	'Canada'),
(57,	'CarMax',	'Biolife Grup, Bempton   Way 3816, Lakewood, TTO 0061',	'Kiribati'),
(58,	'It Smart Group',	'ExxonMobil, Sheffield Rue 4728, Hayward, TJK 0644',	'Grenada'),
(59,	'Zepter',	'CarMax, Norland  Drive 4154, Arlington, IMN 8488',	'Lithuania'),
(60,	'Comodo',	'Comodo, Bishop   Way 8398, San Bernardino, NAM 5374',	'Iran'),
(61,	'Danone',	'BuzzFeed, Egerton  Way 3342, Springfield, ESH 4087',	'Liberia'),
(62,	'Metro Cash&Carry',	'Metro Cash&Carry, Cadogan  Crossroad 4783, Escondido, GMB 2755',	'Myanmar'),
(63,	'Mars',	'Comcast, Balfe   Lane 2758, San Bernardino, GMB 8487',	'Netherlands'),
(64,	'Team Guard SRL',	'Biolife Grup, Clifton  Road 4898, Springfield, THA 0161',	'Slovakia'),
(65,	'Vodafone',	'Apple Inc., Waite  Vale 3909, Escondido, UZB 4267',	'Bulgaria'),
(66,	'Team Guard SRL',	'AECOM, Baylis  Tunnel 5262, Norfolk, LBR 4516',	'Congo, Republic of the'),
(67,	'Zepter',	'Metro Cash&Carry, Commercial  Grove 7229, Madison, IMN 0176',	'Indonesia'),
(68,	'Facebook',	'Global Print, Abbots   Street 2681, Tallahassee, SGP 4757',	'Somalia'),
(69,	'Team Guard SRL',	'Biolife Grup, Dyott   Street 7570, Oakland, HUN 0633',	'Somalia'),
(70,	'AECOM',	'Vodafone, Chancellor  Crossroad 4310, Houston, STP 2725',	'Italy'),
(71,	'UPC',	'Zepter, Birkbeck  Boulevard 9057, Laredo, PRK 0572',	'Turkmenistan'),
(72,	'BuzzFeed',	'Comodo, Camdale  Avenue 446, Saint Paul, AFG 3745',	'Venezuela'),
(73,	'ENEL',	'Comcast, Birkin   Road 9206, Rome, PRY 8036',	'Sri Lanka'),
(74,	'UPC',	'UPC, Addison  Avenue 2658, San Francisco, GRC 6868',	'Liberia'),
(75,	'Metro Cash&Carry',	'Vodafone, Geffrye   Street 516, Salem, BMU 8017',	'Rwanda'),
(76,	'Danone',	'Comodo, Coal Wharf  Road 6272, Zurich, BHR 4220',	'Israel'),
(77,	'Comcast',	'Mars, Pine Avenue 1126, Berlin, GLP 6365',	'Burkina Faso'),
(78,	'21st Century Fox',	'Amazon.com, Woodland Walk 9916, Santa Ana, KIR 2553',	'Morocco'),
(79,	'Vodafone',	'Comcast, Aylward   Way 6427, Madrid, VNM 1167',	'United Kingdom');

DROP TABLE IF EXISTS `transactions`;
CREATE TABLE `transactions` (
  `id` int NOT NULL AUTO_INCREMENT,
  `id_company` int NOT NULL,
  `id_client` int DEFAULT NULL,
  `id_provider` int DEFAULT NULL,
  `id_product` int NOT NULL,
  `quantity_product` int NOT NULL,
  `id_employee` int NOT NULL,
  PRIMARY KEY (`id`),
  KEY `id_company` (`id_company`),
  KEY `id_client` (`id_client`),
  KEY `id_provider` (`id_provider`),
  KEY `id_product` (`id_product`),
  KEY `id_employee` (`id_employee`),
  CONSTRAINT `transactions_ibfk_1` FOREIGN KEY (`id_company`) REFERENCES `companies` (`id`),
  CONSTRAINT `transactions_ibfk_2` FOREIGN KEY (`id_client`) REFERENCES `clients` (`id`),
  CONSTRAINT `transactions_ibfk_3` FOREIGN KEY (`id_provider`) REFERENCES `providers` (`id`),
  CONSTRAINT `transactions_ibfk_4` FOREIGN KEY (`id_product`) REFERENCES `products` (`id`),
  CONSTRAINT `transactions_ibfk_5` FOREIGN KEY (`id_employee`) REFERENCES `employees` (`id`)
) ENGINE=InnoDB DEFAULT CHARSET=utf8mb4 COLLATE=utf8mb4_unicode_ci;

INSERT INTO `transactions` (`id`, `id_company`, `id_client`, `id_provider`, `id_product`, `quantity_product`, `id_employee`) VALUES
(8,	56,	5,	NULL,	11,	200,	9),
(9,	56,	NULL,	66,	14,	11,	57);

DROP TABLE IF EXISTS `users`;
CREATE TABLE `users` (
  `id` int NOT NULL AUTO_INCREMENT,
  `username` varchar(255) COLLATE utf8mb4_unicode_ci NOT NULL,
  `password` varchar(255) COLLATE utf8mb4_unicode_ci NOT NULL,
  `is_admin` bit(1) NOT NULL DEFAULT b'0',
  PRIMARY KEY (`id`)
) ENGINE=InnoDB DEFAULT CHARSET=utf8mb4 COLLATE=utf8mb4_unicode_ci;

INSERT INTO `users` (`id`, `username`, `password`, `is_admin`) VALUES
(1,	'admin',	'90b9aa7e25f80cf4f64e990b78a9fc5ebd6cecad',	CONV('1', 2, 10) + 0),
(2,	'guest',	'73f7f124da2dc4b8f06488973b3a86b86dcfede0',	CONV('0', 2, 10) + 0);

-- 2022-09-08 09:57:48
